{
"Renault_Q210_22" : {
"capacity": 28,
"power" : [
14.0237,14.0237,14.0237,14.0237,14.0237,14.0237,14.0237,14.0237,14.0237,14.0237,14.0237,14.0237,14.0237,14.0237,14.0237,14.0237,14.0237,14.0237,14.0237,14.0237,13.9336,13.889,14.0843,14.0947,14.1051,14.1154,14.1258,14.1361,14.1465,14.1157,14.1419,14.2655,14.169,14.0976,14.1275,14.1672,14.2236,14.1155,14.1378,14.191,14.18,14.136,14.193,14.116,14.1593,14.4002,14.3772,14.2596,14.2697,14.3964,14.3113,14.2422,14.2629,14.2641,14.263,14.3176,14.2813,14.3241,14.3188,14.376,14.3694,14.2226,14.3288,14.334,14.2789,14.269,14.3036,14.211,14.211,14.3073,14.3416,14.3618,14.2866,14.3063,14.4199,14.4215,14.3453,14.3409,14.2927,14.3561,14.4216,14.4291,14.3482,14.347,14.3859,14.4011,14.3233,14.3991,14.3976,14.3633,14.3424,14.2806,14.2538,14.2873,13.4224,11.6846,10.4291,7.7347,7.2465,6.1682,4.796],
"voltage" : [
0,0,0,0,0,0,0,0,0,0,0,0,0,0,0,0,0,0,0,0,0,0,0,0,0,0,0,0,0,0,0,0,0,0,0,0,0,0,0,0,0,0,0,0,0,0,0,0,0,0,0,0,0,0,0,0,0,0,0,0,0,0,0,0,0,0,0,0,0,0,0,0,0,0,0,0,0,0,0,0,0,0,0,0,0,0,0,0,0,0,0,0,0,0,0,0,0,0,0,0,0],
"current" : [
0,0,0,0,0,0,0,0,0,0,0,0,0,0,0,0,0,0,0,0,0,0,0,0,0,0,0,0,0,0,0,0,0,0,0,0,0,0,0,0,0,0,0,0,0,0,0,0,0,0,0,0,0,0,0,0,0,0,0,0,0,0,0,0,0,0,0,0,0,0,0,0,0,0,0,0,0,0,0,0,0,0,0,0,0,0,0,0,0,0,0,0,0,0,0,0,0,0,0,0,0]
}
,
"Hyundai_IONIQ_28" : {
"capacity": 28,
"power" : [
61,61,61,61,61,61,61.2,61.4,61.6,61.8,62,62.3,62.6,62.9,63.2,63.5,63.8,64.1,64.4,64.7,65,65.125,65.25,65.375,65.5,65.625,65.75,65.875,66,66.125,66.25,66.375,66.5,66.625,66.75,66.875,67,67.125,67.25,67.375,67.5,67.625,67.75,67.875,68,68.125,68.25,68.375,68.5,68.625,68.75,68.875,69,69.125,69.25,69.375,69.5,69.625,69.75,69.875,70,70,70,70,70,70,70,70,70,70,70,70,70,70,70,70,70,70,70,60,55,50,35,30,25,22,22,22,22,22,22,22,22,22,22,20,18,16,14,12,10],
"voltage" : [
348.571428571429,348.571428571429,348.571428571429,348.571428571429,348.571428571429,348.571428571429,349.714285714286,350.857142857143,352,353.142857142857,354.285714285714,356,357.714285714286,359.428571428571,361.142857142857,362.857142857143,364.571428571429,366.285714285714,368,369.714285714286,371.428571428571,372.142857142857,372.857142857143,373.571428571429,374.285714285714,375,375.714285714286,376.428571428571,377.142857142857,377.857142857143,378.571428571429,379.285714285714,380,380.714285714286,381.428571428571,382.142857142857,382.857142857143,383.571428571429,384.285714285714,385,385.714285714286,386.428571428571,387.142857142857,387.857142857143,388.571428571429,389.285714285714,390,390.714285714286,391.428571428571,392.142857142857,392.857142857143,393.571428571429,394.285714285714,395,395.714285714286,396.428571428571,397.142857142857,397.857142857143,398.571428571429,399.285714285714,400,400,400,400,400,400,400,400,400,400,400,400,400,400,400,400,400,400,400,400,400,400,400,400,400,400,400,400,400,400,400,400,400,400,400,400,400,400,400,400,400],
"current" : [
175,175,175,175,175,175,175,175,175,175,175,175,175,175,175,175,175,175,175,175,175,175,175,175,175,175,175,175,175,175,175,175,175,175,175,175,175,175,175,175,175,175,175,175,175,175,175,175,175,175,175,175,175,175,175,175,175,175,175,175,175,175,175,175,175,175,175,175,175,175,175,175,175,175,175,175,175,175,175,150,137.5,125,87.5,75,62.5,55,55,55,55,55,55,55,55,55,55,50,45,40,35,30,25]
}
,
"Nissan_LEAF_40" : {
"capacity": 28,
"power" : [
42,42.05,42.1,42.15,42.2,42.25,42.3,42.35,42.4,42.45,42.5,42.55,42.6,42.65,42.7,42.75,42.8,42.85,42.9,42.94,42.99,43.04,43.09,43.14,43.19,43.24,43.29,43.34,43.39,43.44,43.49,43.54,43.59,43.64,43.69,43.74,43.79,43.84,43.89,43.94,43.99,44.04,44.09,44.14,44.19,44.24,44.29,44.34,44.39,44.44,44.49,44.54,44.59,44.64,44.69,44.74,44.79,44.84,44.89,44.94,45,44,43,42,41,40,38,37,36,35,34,33.3,32.6,31.9,31.2,30.5,29.8,29.1,28.4,27.7,27,26.3,25.6,24.9,24.2,23.5,22.8,22.1,21.4,20.7,20,19.3,18.6,17.9,17.2,16.5,15.8,15.1,14.4,13.7,13],
"voltage" : [
0,0,0,0,0,0,0,0,0,0,0,0,0,0,0,0,0,0,0,0,0,0,0,0,0,0,0,0,0,0,0,0,0,0,0,0,0,0,0,0,0,0,0,0,0,0,0,0,0,0,0,0,0,0,0,0,0,0,0,0,0,0,0,0,0,0,0,0,0,0,0,0,0,0,0,0,0,0,0,0,0,0,0,0,0,0,0,0,0,0,0,0,0,0,0,0,0,0,0,0,0],
"current" : [
0,0,0,0,0,0,0,0,0,0,0,0,0,0,0,0,0,0,0,0,0,0,0,0,0,0,0,0,0,0,0,0,0,0,0,0,0,0,0,0,0,0,0,0,0,0,0,0,0,0,0,0,0,0,0,0,0,0,0,0,0,0,0,0,0,0,0,0,0,0,0,0,0,0,0,0,0,0,0,0,0,0,0,0,0,0,0,0,0,0,0,0,0,0,0,0,0,0,0,0,0]
}
,
"Tesla_M3_75" : {
"capacity": 28,
"power" : [
60,60,60,60,60,80,100,110,113,115,115,115,115,115,115,115,115,115,115,115,115,115,115,115,115,115,115,115,115,115,115,115,115,115,115,115,115,115,115,115,115,115,115,115,113.05,111.1,109.15,107.2,105.25,103.3,101.35,99.4,97.45,95.5,93.55,91.6,89.65,87.7,85.75,83.8,81.85,79.9,77.9499999999999,76,74.125,72.25,70.375,68.5,66.625,64.75,62.875,61,59.125,57.25,55.375,53.5,51.625,49.75,47.875,46,43.8,41.6,39.4,37.2,35,32.8,30.6,28.4,26.2,24,21.8,19.6,18,16,14,12,10,8,6,6,6],
"voltage" : [
0,0,0,0,0,0,0,0,0,0,0,0,0,0,0,0,0,0,0,0,0,0,0,0,0,0,0,0,0,0,0,0,0,0,0,0,0,0,0,0,0,0,0,0,0,0,0,0,0,0,0,0,0,0,0,0,0,0,0,0,0,0,0,0,0,0,0,0,0,0,0,0,0,0,0,0,0,0,0,0,0,0,0,0,0,0,0,0,0,0,0,0,0,0,0,0,0,0,0,0,0],
"current" : [
0,0,0,0,0,0,0,0,0,0,0,0,0,0,0,0,0,0,0,0,0,0,0,0,0,0,0,0,0,0,0,0,0,0,0,0,0,0,0,0,0,0,0,0,0,0,0,0,0,0,0,0,0,0,0,0,0,0,0,0,0,0,0,0,0,0,0,0,0,0,0,0,0,0,0,0,0,0,0,0,0,0,0,0,0,0,0,0,0,0,0,0,0,0,0,0,0,0,0,0,0]
}
}
